{"2": 8.240052241851913, "3": 2.9356655374924117, "4": 2.52803520460186, "5": 2.9056363520362933, "6": 3.720171136502, "7": 5.02389324716235, "8": 7.000571722893455, "9": 9.95848490007842, "10": 14.376651606000525, "11": 20.98841661446714, "12": 30.913829547045157, "13": 45.8650131169038, "14": 68.46367781471395, "15": 102.73212210183918, "16": 154.85330836702883, "17": 234.34892757916427, "18": 355.90757976675053, "19": 542.2252158117471, "20": 828.4233144767436, "21": 1268.9284908661728, "22": 1948.1956320304896, "23": 2997.4377821637745, "24": 4620.751031356598, "25": 7135.945050764163, "26": 11038.408414795316, "27": 17101.080099230225, "28": 26531.052906554512, "29": 41215.05811912765, "30": 64104.527452733564, "31": 99819.96761427737, "32": 155600.1173462089, "33": 242793.41629031612, "34": 379202.89875637187, "35": 592774.7327644987, "36": 927403.1616429278, "37": 1452070.4624605041, "38": 2275244.3664227417, "39": 3567566.830219509, "40": 5597623.737128747, "41": 8788359.345639119, "42": 13806084.315639341, "43": 21700959.185930863, "44": 34128799.92781714, "45": 53701397.86929832, "46": 84539993.40543869, "47": 133149985.13868575, "48": 209803731.51877373, "49": 330727209.32419515}