{
    "Agr.none": {
        "N": 11.0,
        "Y": 1.0
    },
    "Prohibitive": {
        "Special imperative  special negative": 4.406593406593407,
        "Special imperative  normal negative": 1.6593406593406592,
        "Normal imperative  special negative": 4.736263736263736,
        "Normal imperative  normal negative": 3.197802197802198
    },
    "Agr.Role": {
        "N": 9.0,
        "Y": 3.0
    },
    "Vper": {
        "Only the A argument": 3.1875,
        "No person marking": 3.5,
        "A or P argument": 1.2083333333333333,
        "Only the P argument": 1.4166666666666667,
        "Both the A and P arguments": 5.6875
    },
    "IntRef": {
        "Differentiated": 5.931506849315069,
        "Identical": 6.068493150684931
    },
    "AdjDegW": {
        "N": 7.363636363636364,
        "Y": 4.636363636363637
    },
    "NPconj": {
        "And different from with": 8.166666666666666,
        "And identical to with": 3.833333333333333
    },
    "Imperative": {
        "Second singular and second plural": 6.368421052631579,
        "Second singular": 1.526315789473684,
        "Second person numberneutral": 2.473684210526316,
        "Second plural": 1.2105263157894737,
        "No secondperson imperatives": 3.4210526315789473
    },
    "Agr.Gender": {
        "N": 4.0,
        "Y": 8.0
    },
    "ClausePosition": {
        "fixedpostmain": 1.0,
        "flexiblerelational": 3.0,
        "flexibleadjacent": 5.0,
        "fixedpremain": 2.0
    },
    "PossSuff": {
        "N": 5.800000000000001,
        "Y": 6.2
    },
    "PronDem": {
        "Related for all demonstratives": 2.5853658536585367,
        "Related to remote demonstratives": 2.097560975609756,
        "Unrelated": 6.0,
        "Related to nonremote demonstratives": 1.4878048780487805,
        "Related by gender markers": 1.975609756097561,
        "Related for nonhuman reference": 1.8536585365853657
    },
    "AdpN": {
        "Prepositions": 4.723404255319149,
        "Postpositions": 6.319148936170213,
        "No adpositions": 1.6382978723404256,
        "No dominant order": 1.2127659574468086,
        "Inpositions": 1.1063829787234043
    },
    "Rec.P": {
        "N": 1.945945945945946,
        "Y": 10.054054054054054
    },
    "PronAdnDem": {
        "Identical": 8.26027397260274,
        "Different stem": 2.506849315068493,
        "Different inflection": 2.232876712328767
    },
    "Alignment": {
        "SvAtrxP": 4.289473684210526,
        "SvAtrvP": 5.473684210526316,
        "SvPxAtr": 1.6578947368421053,
        "Mixed": 2.5789473684210527
    },
    "ContQInitial": {
        "N": 6.393258426966292,
        "Y": 5.606741573033708
    },
    "ComInst": {
        "Identity": 3.0,
        "Differentiation": 8.0,
        "Mixed": 2.0
    },
    "AdjN": {
        "N": 6.591397849462366,
        "Y": 5.408602150537634
    },
    "Aspect": {
        "No grammatical marking": 6.617977528089887,
        "Grammatical marking": 5.382022471910112
    },
    "OrdNum": {
        "First two three": 1.5,
        "Firstoneth twoth threeth": 3.125,
        "Oneth twoth threeth": 1.75,
        "First twoth threeth": 3.75,
        "First second threeth": 2.375,
        "None": 3.125,
        "Various": 1.25,
        "One two three": 1.125
    },
    "DistNum": {
        "Marked by mixed or other strategies": 2.111111111111111,
        "Marked by reduplication": 3.2222222222222223,
        "Marked by suffix": 2.6666666666666665,
        "No distributive numerals": 4.703703703703703,
        "Marked by following word": 1.3703703703703702,
        "Marked by preceding word": 1.5555555555555556,
        "Marked by prefix": 1.3703703703703702
    },
    "NPlural": {
        "Plural suffix": 5.946236559139785,
        "Plural stem change": 1.10752688172043,
        "Plural word": 2.612903225806452,
        "Plural prefix": 1.6451612903225805,
        "Plural clitic": 1.967741935483871,
        "Mixed morphological plural": 1.7526881720430108,
        "No plural": 1.860215053763441,
        "Plural complete reduplication": 1.10752688172043
    },
    "Reduplication": {
        "Productive full and partial reduplication": 7.049382716049382,
        "No productive reduplication": 3.5925925925925926,
        "Full reduplication only": 2.3580246913580245
    },
    "Agr.State": {
        "N": 11.0,
        "Y": 1.0
    },
    "RelN": {
        "NounRelative clause": 7.0,
        "Correlative": 1.2352941176470589,
        "Internally headed": 1.7058823529411764,
        "Relative clauseNoun": 2.8823529411764706,
        "Mixed": 2.0588235294117645,
        "Adjoined": 1.1176470588235294
    },
    "SOV": {
        "No dominant order": 2.612903225806452,
        "VSO": 1.967741935483871,
        "SVO": 4.010752688172043,
        "SOV": 4.978494623655914,
        "VOS": 1.2150537634408602,
        "OVS": 1.2150537634408602
    },
    "NAdj": {
        "N": 4.978494623655914,
        "Y": 7.021505376344086
    },
    "Passive": {
        "Present": 6.729166666666667,
        "Absent": 5.270833333333334
    },
    "IndefPron": {
        "Special": 1.5797101449275361,
        "Interrogativebased": 6.6521739130434785,
        "Genericnounbased": 4.043478260869565,
        "Mixed indefinites": 1.5797101449275361,
        "Existential construction": 1.144927536231884
    },
    "PossLocus": {
        "Double marking": 1.7777777777777777,
        "Dependent marking": 5.111111111111111,
        "No marking": 2.333333333333333,
        "Head marking": 4.222222222222221,
        "Other": 1.5555555555555556
    },
    "PossClass": {
        "No possessive classification": 7.777777777777778,
        "More than five classes": 1.1111111111111112,
        "Two classes": 3.7777777777777777,
        "Three to five classes": 1.3333333333333333
    },
    "Gender": {
        "Semantic and formal": 3.3863636363636362,
        "No gender": 6.681818181818182,
        "Semantic": 2.9318181818181817
    },
    "NGen": {
        "N": 6.520833333333334,
        "Y": 5.479166666666667
    },
    "DegWAdj": {
        "N": 3.5454545454545454,
        "Y": 8.454545454545455
    },
    "GenN": {
        "N": 4.4375,
        "Y": 7.5625
    },
    "IndefArt": {
        "No indefinite but definite article": 2.923076923076923,
        "Indefinite affix": 1.2564102564102564,
        "Indefinite word distinct from one": 3.051282051282051,
        "No definite or indefinite article": 4.9743589743589745,
        "Indefinite word same as one": 2.7948717948717947
    },
    "DemDis": {
        "Twoway contrast": 6.301204819277109,
        "Threeway contrast": 4.734939759036145,
        "No distance contrast": 1.3614457831325302,
        "Fourway contrast": 1.2409638554216866,
        "Five or moreway contrast": 1.3614457831325302
    },
    "GenPron": {
        "3rd person only but also nonsingular": 2.263157894736842,
        "In 3rd person  1st andor 2nd person": 1.8421052631578947,
        "No gender distinctions": 7.0,
        "3rd person singular only": 2.789473684210526,
        "1st or 2nd person but not 3rd": 1.1052631578947367
    },
    "Agr.Case": {
        "N": 11.0,
        "Y": 1.0
    },
    "Optative": {
        "Inflectional optative absent": 10.23913043478261,
        "Inflectional optative present": 1.7608695652173911
    },
    "NegMorph": {
        "Negative particle": 6.212765957446808,
        "Variation between negative word and affix": 1.3191489361702127,
        "Negative affix": 3.3404255319148937,
        "Negative word unclear if verb or particle": 1.6382978723404256,
        "Double negation": 2.276595744680851,
        "Negative auxiliary verb": 1.2127659574468086
    },
    "PolarQ": {
        "Initial": 3.0238095238095237,
        "No question particle": 4.571428571428571,
        "Final": 4.095238095238095,
        "Other position": 1.119047619047619,
        "Second position": 1.7142857142857142,
        "In either of two positions": 1.4761904761904763
    },